viticultural_practice,habitat,shannon
commited,e27i3,0.463500732
commited,e2i1,0.1668008078
intensif,e16i1,0.9832370264
intensif,e9i1,0.354065714
limited,e20i1,0.3144494641
limited,e26i1,0.8186294602
abandonned ,P11,0.8552457068
abandonned ,P12,0.807415572